doc_id	source	sentiment	year_published	bias	cluster_label	sentence	lemmatized_sent
689635503	Delo	neutral	2017	left	4	Še posebej pomembno pa je , da bodo hostije zamesile in spekle samo osebe globoke vernosti , pobožne gospe , ki bodo pazile , da v hostijo ne bo zašlo karkoli , kaj šele sadje ali sladkor , kar se je menda doslej dogajalo pri hostijah iz proste prodaje .	se posebej pomemben pa biti , da biti hostija zamesila in spekle samo oseba globok vernost , pobozna gospa , ki biti pazilo , da v hostija ne biti zasla karkoli , kaj sele sadje ali sladkor , kar se biti menda doslej dogajati pri hostija iz prost prodaja .
6275439733	vecer.com	neutral	2020	left	4	Prepričan konservativec in človek globoke krščanske vere Pence namreč vse od leta 2016 ni storil ničesar , s čimer bi vsaj v javnosti razjezil eksplozivnega šefa .	preprican konservativec in clovek globok krscanski vera penca namrec ves od leto 2016 biti storiti nic , z kar biti vsaj v javnost razjeziti eksplozivneg sef .
759705406	Nova24TV	neutral	2017	right	4	Najbrž je kakšnega novinarja sem ter tja vendarle zapekla vest zaradi pristranskega poročanja o izmišljeni aferi Patria , ki so jo skuhali strici iz globoke države tam ob smetišču , ko so se sprehajali po preprogi brezhrbteničnih novinarjev .	najbrz biti kaksen novinar biti ter tja vendarle zapeklo vest zaradi pristranski porocanje o izmisljen afera patria , ki biti on skuhali stric iz globok drzava tam ob smetisce , ko biti se sprehajati po preproga brezhrbtenicen novinar .
759705406	Nova24TV	neutral	2017	right	4	Kadar prostituti globoke države perejo terorističen denar , zaplenijo nekomu dom zaradi nekaj evrov dolga in hkrati podarijo milijone nesposobnemu menedžerju , ki jih morajo zaslužiti državljani , je potreben Hyde Park Corner .	kadar prostitut globok drzava pereja teroristicen denar , zaplenija nekdo dom zaradi nekaj evro dolg in hkrati podarija milijon nesposoben menedzer , ki on morati zasluziti drzavljan , biti potreben hyde park corner .
759705406	Nova24TV	neutral	2017	right	4	Zapustil je izkušnjo , da je svobodo govora in njegovega vpliva moč vzpostaviti kljub globoki državi , in zato si zasluži zlato priznanje .	zapustilo biti izkusnja , da biti svoboda govor in njegov vplivati moc vzpostaviti kljub globok drzava , in zato se zasluziti zlat priznanje .
757922006	Nova24TV	neutral	2017	right	4	Janković in Kopač Mrakova sta namreč od omrežja globoke države skrbno izbrani figuri za odlikovanje .	jankovic in kopac mrakova biti namrec od omrezje globok drzava skrbno izbran figura za odlikovanje .
989927483	Nova24TV	negative	2018	right	4	Plačanka zlobnega milijarderja George Sorosa in evroposlanka Tanja Fajon je že pred tedni razburila javnost z okroglo mizo , na kateri so strašili pred strahom , ki naj bi ga širila desnica , s svojo udeležbo pa je navzoče presenetil kar šef globoke države Milan Kučan , pogovor pa je povezovala kar novinarka javne hiše Ksenija Horvat .	placanka zloben milijarder george soros in evroposlanka tanja fajon biti ze pred teden razburiti javnost z okrogel miza , na kateri biti strasilo pred strah , ki naj biti on sirilo desnica , z svoj udelezba pa biti navzoc presenetiti kar sef globok drzava milan kucan , pogovor pa biti povezovati kar novinarka javen hisa ksenija horvat .
989927483	Nova24TV	negative	2018	right	4	Milan Kučan na Ilovi Gori najavil pregon sovražnega govora , Fajonova ukazom že sledi Udeležence ni presenetila niti prisotnost zadnjega šefa komunistične partije in vodje globoke države Milana Kučana , ki zadnje čase redno spremlja podobne zadeve , nedavno je bil namreč prisoten tudi na FDV , kjer je potekal pogovor z jugodiplomatom Zvonetom Draganom .	milan kucan na ilov gora najavilo pregon sovrazen govor , fajonova ukaz ze slediti udelezenec biti presenetiti niti prisotnost zadnji sef komunisticna partija in vodja globok drzava milan kucan , ki zadnji cas redno spremljati podoben zadeva , nedavno biti biti namrec prisoten tudi na fdv , kjer biti potekati pogovor z jugodiplomat zvonet dragan .
968279470	Nova24TV	neutral	2018	right	4	Na spletnem portalu in televiziji Nova24TV že dlje časa opozarjamo na to , da je RTV Slovenija dejansko pod popolnim vplivom lobijev in politike oziroma kar celotne globoke države .	na spleten portal in televizija nova2dtvo ze dolgo cas opozarjama na ta , da biti rtv slovenija dejansko pod popoln vpliv lobi in politika oziroma kar celoten globok drzava .
968279470	Nova24TV	neutral	2018	right	4	Le vprašanje je , ali je to zato , ker so kolegi Možine klonili pod pritiskom lobija in si iz strahu niso upali poročati o tem ali pa gre celo za tiho strinjanje s sporočilom protestov , da naj se svoboda govora na javni televiziji omeji do te mere , da bo televizija postala reklamni servis leve politične opcije pod oblastjo globoke države ? !	le vprasanje biti , ali biti ta zato , ker biti kolega mozina kloniti pod pritisk lobij in se iz strah biti upati porocati o ta ali pa iti celo za tiho strinjanje z sporocilo protest , da naj se svoboda govor na javen televizija omejiti do ta mera , da biti televizija postati reklamen servis lev politicen opcija pod oblast globok drzava ? !
849689117	Nova24TV	neutral	2018	right	4	Slovenska politika je neke vrste marionento gledališče , kjer se s pomočjo medijev in finančnimi zmogljivosti globoke države postavi kronskega princa , ta je potem izvoljen in se hitro zgodi , da marioneta ne dostavi tega , da bi vodila politiko , ki bi zagotavljala blaginjo , ampak se zelo hitro amortizira , je dejal Brščič .	slovenski politika biti nek vrsta marionento gledalisce , kjer se z pomoc medij in financen zmogljivost globok drzava postava kronski princ , ta biti potem izvoljen in se hitro zgoditi , da marionet ne dostava ta , da biti voditi politika , ki biti zagotavljati blaginja , ampak se zelo hitro amortizira , biti dejati brscic .
1019110238	Tednik Demokracija	neutral	2018	right	4	Institucije globoke države pa bi še naprej zaradi obrambe svobode govora ukrepale v smeri , da bodo grožnje z leve strani še naprej tolerirane , standarde dostojanstva pa bi postavljali borci proti sovražnemu govoru , kakršen je radikalni levičarski aktivist Domen Savič .	institucija globok drzava pa biti se naprej zaradi obramba svoboda govor ukrepale v smer , da biti groznja z lev stran se naprej toleriran , standard dostojanstvo pa biti postavljati borec proti sovraznem govor , kakrsen biti radikalna levicarski aktivist domen savic .
1019110238	Tednik Demokracija	neutral	2018	right	4	Ključno pa je , da medija kritično poročata o vladi ter razkrivata delovanje globoke države , prav zato pa sta tako moteča za akterje , kot je Gruden .	kljucno pa biti , da medij kriticen porocat o vlada ter razkrivat delovanje globok drzava , prav zato pa biti tako motec za akter , kot biti gruden .
861128879	Nova24TV	neutral	2018	right	4	V času , ko je bila predsednica LDS in ministrica za notranje zadeve Katarina Kresal , je bil Gulič predsednik sveta LDS in je z vsemi svojimi močmi branil Kresalovo , ki jo je njen zasebni partner , ljubljanski odvetnik Miro Senica , ustoličil na čelu LDS , da bi lahko prevzel ter vodil del globoke države in osebno bogatel .	v cas , ko biti biti predsednica lds in ministrica za notranji zadeva katarina kresal , biti biti gulic predsednik svet lds in biti z ves svoj moc braniti kresalovo , ki on biti njen zaseben partner , ljubljanski odvetnik mira senica , ustolicilo na celo lds , da biti lahko prevzeti ter voditi del globok drzava in oseben bogatel .
1005886159	Nova24TV	neutral	2018	right	4	Z izvolitvijo Šugman Stubbsove je bila narejena poteza v prid globoke države .	z izvolitev sugman stubbsova biti biti narejen poteza v prid globok drzava .
1005886159	Nova24TV	neutral	2018	right	4	Ni kaj lovke globoke države so vnovič zmagale .	biti kaj lovka globok drzava biti vnovic zmagala .
1005699465	Tednik Demokracija	neutral	2018	right	4	Tega si vsaj javno ni upala dovoliti niti samopašna vladavina Janeza Drnovška , ki je te stvari prek Gregorja Golobiča urejala v ozadju globoke države in ne javno .	ta se vsaj javen biti upati dovoliti niti samopasna vladavina janez drnovsek , ki biti ta stvar prek gregor golobica urejalo v ozadje globok drzava in ne javen .
1005886159	Nova24TV	neutral	2018	right	4	Šah mat globoke države na rovaš vladavine prava :	sah mati globok drzava na rovas vladavina pravi :
1026026860	Tednik Demokracija	neutral	2018	right	4	Že dlje časa pa je tudi jasno , da Dnevnika tudi sicer ne gre jemati kot resen medij , gre za režimsko trobilo močno v rokah globoke države , njegov lastnik je namreč zloglasni tajkun Bojan Petan , ki se ga je med drugim zaradi tesnega prijateljstva z Gregorjem Golobičem oprijel kar vzdevek Golobičeva denarnica .	ze dolgo cas pa biti tudi jasen , da dnevnik tudi sicer ne iti jemati kot resen medij , iti za rezimsko trobilo mocno v roka globok drzava , njegov lastnik biti namrec zloglasen tajkun bojan petan , ki se on biti med drug zaradi tesen prijateljstvo z gregor golobic oprijel kar vzdevek golobicev denarnica .
1018441037	Nova24TV	neutral	2018	right	4	Cenzuro izvajajo politični in medijski aktivisti globoke države , pristaši izrojene levice , ki vsakogar , ki postavlja takšna vprašanja označijo za fašista , nestrpneža in mračnjaka , čeprav so danes oni glavni motor nestrpnosti , omejevanja svobode izražanja in grožnja narodnemu obstoju .	cenzuro izvajati politicen in medijski aktivisti globok drzava , pristasa izrojen levica , ki vsakdo , ki postavljati taksen vprasanje oznacija za fasist , nestrpnez in mracnjak , ceprav biti danes on glaven motor nestrpnost , omejevanje svoboda izrazanje in groznja naroden obstoj .
981072538	Nova24TV	neutral	2018	right	4	Bolsonaro je namreč napovedal številne liberalne ukrepe , napovedal je namreč privatizacijo vseh državnih podjetij , med drugim tudi Petrobrasa , s čimer želi preprečiti izčrpavanje državnega premoženja s strani levičarskih akterjev globoke države .	bolsonaro biti namrec napovedati stevilen liberalen ukrep , napovedati biti namrec privatizacija ves drzaven podjetje , med drug tudi petrobras , z kar zeleti prepreciti izcrpavanje drzaven premozenje z stran levicarski akter globok drzava .
992031231	Nova24TV	neutral	2018	right	4	Zato tudi neverjeten angažma globoke države na čelu z Milanom Kučanom , šefom udbe in partije v zaledju , da Zoran Janković še enkrat postane ljubljanski župan .	zato tudi neverjeten angazm globok drzava na celo z milan kucanom , sef udba in partija v zaledje , da zoran jankovic se enkrat postati ljubljanski zupan .
817748263	Nova24TV	negative	2018	right	4	In kot kaže , se gospodarji globoke države pripravljajo na nov napad , s katerim bodo skušali prelisičiti slovenske volivce .	in kot kazati , se gospodar globok drzava pripravljati na nov napad , z kateri biti skusati prelisicit slovenski volivec .
996320327	Tednik Demokracija	neutral	2018	right	4	Res je sicer , da je bil zaradi povsem popačenega proporcionalnega sistema končen izid , kar zadeva vladno koalicijo , v prid globoki državi , a strah pred porazom v do sedaj nedotakljivih lokalnih oazah levičarstva je velik , kar se pozna tudi v predvolilni kampanji .	res biti sicer , da biti biti zaradi povsem popacen proporcionalneg sistem koncen izid , kar zadeva vladno koalicija , v prid globok drzava , a strah pred poraz v do sedaj nedotakljiv lokalen oaza levicarstvo biti velik , kar se poznati tudi v predvolilna kampanja .
996320327	Tednik Demokracija	neutral	2018	right	4	A vse to je le umetna tvorba tako globoke države kot tudi vseh tistih javnomnenjskih laborantov , ki so tako ali drugače prisesani na mestni proračun .	a ves ta biti le umeten tvorba tako globok drzava kot tudi ves tisti javnomnenjski laborant , ki biti tako ali drugace prisesan na mesten proracun .
996320327	Tednik Demokracija	neutral	2018	right	4	Nekatere ankete v režimskem tisku zato že dajejo slutiti , da bo o zmagovalcu mariborskih županskih volitev odločal interes globoke države z dobro preverjeno taktiko - psihološko manipulacijo s političnimi akterji v Mariboru in njihovo medijsko obdelavo .	nekateri anketa v rezimski tisk zato ze dajati slutiti , da biti o zmagovalec mariborski zupanski volitev odlocati interes globok drzava z dobro preverjen taktika - psiholoski manipulacija z politicen akter v maribor in njihov medijska obdelavo .
989927483	Nova24TV	negative	2018	right	4	Prisotnost napovedala številna znana imena partije in globoke države	prisotnost napovedati stevilen znan ime partija in globok drzava
989927483	Nova24TV	negative	2018	right	4	Tam je bil tudi predsednik Socialnih demokratov Dejan Židan , ki je za razliko od Kučana , ki v zadnjem času očitno deluje vse bolj prikrito , kot prvi obraz politične izpostave globoke države pogumno sedel v prvo vrsto .	tam biti biti tudi predsednik socialno demokrat dejan zidan , ki biti za razlika od kucan , ki v zadnji cas ocitno delovati ves bolj prikrit , kot prvi obraz politicen izpostava globok drzava pogumen sedeti v prvi vrsta .
829279997	Nova24TV	neutral	2018	right	4	Za pranje možganov pa so strici globoke države zadolžili režimske medije in družboslovne fakultete .	za pranje mozgani pa biti stric globok drzava zadolzilo rezimska medij in druzbosloven fakulteta .
1001200580	Nova24TV	positive	2018	right	4	Stubbsova , ki velja za favoritko globoke države , saj je ta bila dolga leta Bavconova desna roka in osebna prijateljica Mira Cerarja , velja za očitno zagovornica družinskega zakonika , med drugim pa se ta uvršča med eno redkih pravnic , ki je javno zagovarjala protiustavno sodbo v zadevi Patria .	stubbsova , ki veljati za favoritka globok drzava , saj biti ta biti dolg leto bavconova desna roka in oseben prijateljica miro cerar , veljati za ocitno zagovornica druzinski zakonik , med drug pa se ta uvrscati med en redek pravnica , ki biti javen zagovarjati protiustavno sodba v zadeva patria .
992552543	Nova24TV	positive	2018	right	4	Jankovića podpirajo samo privilegiranci globoke države in tisti , katerih podporo je kupil z denarjem davkoplačevalcev	jankovic podpirati samo privilegiranca globok drzava in tisti , kateri podpora biti kupiti z denar davkoplacevalec
992552543	Nova24TV	positive	2018	right	4	Podpirajo ga tudi vodilna imena globoke države , kot je na primer Milan Kučan , ali pa Svetlana Makarovič , ki rada straši z rdečo zvezdo na koncertih , ki jih subvencionira MOL .	podpiraja on tudi vodilen ime globok drzava , kot biti na primer milan kucan , ali pa svetlana makarovic , ki rad stras z rdeco zvezdo na koncert , ki on subvencionir mol .
1125536416	Tednik Demokracija	negative	2019	right	4	Cenzuro izvajajo politični in medijski aktivisti globoke države , pristaši izrojene levice , ki vsakogar , ki postavlja takšna vprašanja , označijo za fašista , nestrpneža in mračnjaka , čeprav so danes oni glavni motor nestrpnosti , omejevanja svobode izražanja in grožnja narodnemu obstoju .	cenzuro izvajati politicen in medijski aktivisti globok drzava , pristasa izrojen levica , ki vsakdo , ki postavljati taksen vprasanje , oznacija za fasist , nestrpnez in mracnjak , ceprav biti danes on glaven motor nestrpnost , omejevanje svoboda izrazanje in groznja naroden obstoj .
1179728961	Tednik Demokracija	neutral	2019	right	4	Del slovenske družbe , ki ga obvladujejo osrednji mediji , za njimi pa različne veje globoke države , velja za zelo ozaveščenega in razgledanega .	del slovenski druzba , ki on obvladujej osrednja medij , za on pa razlicen veja globok drzava , veljati za zelo ozavescen in razgledan .
1352768182	Nova24TV	neutral	2019	right	4	Zakaj ne raziskuje globoke države , ki mladim ne ponudi dostojnega življenja , dostojnega plačila za delo , dostojnega stanovanja ?	zakaj ne raziskoj globok drzava , ki mlad ne ponuditi dostojen zivljenje , dostojen placilo za delo , dostojen stanovanje ?
1317251779	Nova24TV	negative	2019	right	4	Točke , ki sem jih navedel zgoraj so strup za mainstream antiprivatizacijske agente globoke države .	tocka , ki biti on navesti zgoraj biti strup za mainstream antiprivatizacijsk agent globok drzava .
1317520778	Tednik Demokracija	neutral	2019	right	4	Točke , ki sem jih navedel zgoraj , so strup za mainstream antiprivatizacijske agente globoke države .	tocka , ki biti on navesti zgoraj , biti strup za mainstream antiprivatizacijsk agent globok drzava .
1143798236	Tednik Demokracija	positive	2019	right	4	Represivni organi praktično ne reagirajo , kar kaže na to , da so pod vplivom globoke države , ki zdravstvo in druge državne sisteme tudi najeda .	represivna organ prakticno ne reagiraja , kar kazati na ta , da biti pod vpliv globok drzava , ki zdravstvo in drug drzaven sistem tudi najed .
1213338118	Nova24TV	neutral	2019	right	4	Ameriški milijarder Jeffrey Epstein je po svojem samomoru za seboj pustil več vprašanj kot odgovorov , a mnogo pojasni delovanje ameriške globoke države , ki se je pričela razvijati že med obdobjem prohibicije .	ameriski milijarder jeffrey epstein biti po svoj samomor za se pustiti vec vprasanje kot odgovor , a mnogo pojasen delovanje ameriski globok drzava , ki se biti pricel razvijati ze med obdobje prohibicija .
1213338118	Nova24TV	neutral	2019	right	4	Whitney Webb je za portal MintPress News pripravila prikaz ozadja dogajanja , ki razkriva delovanje ameriške globoke države .	whitney nebba biti za portal mintpress news pripraviti prikaz ozadje dogajanje , ki razkrivati delovanje ameriski globok drzava .
1112564309	Nova24TV	negative	2019	right	4	Definitivno je to v redu , saj o reviji , ki je trdo jedro naše globoke države , nima nihče pravice grdo govoriti .	definitivno biti ta v red , saj o revija , ki biti trdo jedro nas globok drzava , imeti nihce pravica grda govoriti .
1299310980	Nova24TV	negative	2019	right	4	To pa samo potrdi teorijo , da je sam infiltrator nekih močnejših lobijev , ki delujejo v službi globoke države .	ta pa samo potrd teorija , da biti sam infiltrator nek mocen lobi , ki delovati v sluzba globok drzava .
1392930147	Nova24TV	neutral	2019	right	4	Na Twitterju napada člane in simpatizerje desnice , saj naj bi po navodilih globoke države želel razbiti desnico in diskreditirati njene člane .	na twitter napad clan in simpatizer desnica , saj naj biti po navodilo globok drzava zeleti razbit desnica in diskreditirati njen clan .
1299310980	Nova24TV	negative	2019	right	4	Ali je Rok Jarc agent globoke države in LGBT lobija ?	ali biti rok jarc agent globok drzava in lgbt lobij ?
1299310980	Nova24TV	negative	2019	right	4	Kot so nas opozorili določeni poznavalci razmer , naj bi imel Rok Jarc več povezav in kontakov z LGBT lobijem in deluje v dobrobit LGBT lobija , kateri je produkt globoke države .	kot biti jaz opozoriti dolocen poznavalec razmera , naj biti imeti rok jarc vec povezava in kontak z lgbt lobik in delovati v dobrobit lgbt lobij , kateri biti produkt globok drzava .
1299310980	Nova24TV	negative	2019	right	4	Na Twitterju napada člane in simpatizerje desnice , saj naj bi po navodilih globoke države , želel razbiti desnico in diskreditirati njene člane .	na twitter napad clan in simpatizer desnica , saj naj biti po navodilo globok drzava , zeleti razbit desnica in diskreditirati njen clan .
1299310980	Nova24TV	negative	2019	right	4	Ali je Rok Jarc agent globoke države ali le človek z določenimi morebitnimi osebnimi problemi bo pokazal čas .	ali biti rok jarc agent globok drzava ali le clovek z dolocen morebiten oseben problem biti pokazati cas .
1330015497	Tednik Demokracija	negative	2019	right	4	Nizka podpora jasno kaže na to , da Savič ne uživa podpore niti med večino levičarjev , nekateri pa se naravnost zgražajo nad podporo , ki jo je vseeno deležen s strani globoke države .	nizka podpora jasen kazati na ta , da savic ne uzivati podpora niti med vecina levicar , nekateri pa se naravnost zgrazaja nad podpora , ki on biti vseeno delezen z stran globok drzava .
1330015497	Tednik Demokracija	negative	2019	right	4	Savič uživa močno podporo globoke države A kot smo že poročali , ne glede na to , da javnost nima potrpljenja za njegove norosti , Saviča več kot očitno močno podpira globoka država .	savic uzivati mocno podpora globok drzava a kot biti ze porocati , ne glede na ta , da javnost imeti potrpljenje za njegov norost , savic vec kot ocitno mocno podpirati globok drzava .
1330015497	Tednik Demokracija	negative	2019	right	4	Nad podporo globoke države Saviču se zgraža tudi radikalni levičar Crnkovič	nad podpora globok drzava savic se zgraza tudi radikalna levicar crnkovic
1330015497	Tednik Demokracija	negative	2019	right	4	Ne le , da Savič ne uživa podpore med večino levičarjev , kot kaže se nekateri nad podporo , ki jo ta uživa s strani globoke države vse bolj zgražajo .	ne le , da savic ne uzivati podpora med vecina levicar , kot kazati se nekateri nad podpora , ki on ta uzivati z stran globok drzava ves bolj zgrazaja .
6220981663	Nova24TV	negative	2020	right	4	Pro Plus je glasilo globoke države .	pro plus biti glasilo globok drzava .
6220981663	Nova24TV	negative	2020	right	4	Pro Plus je po besedah Tomašiča glasilo globoke države .	pro plus biti po beseda tomasic glasilo globok drzava .
6210394550	Nova24TV	neutral	2020	right	4	Taki novinarji pa so globoki državi zelo uporabni .	tak novinar pa biti globok drzava zelo uporaben .
6210394550	Nova24TV	neutral	2020	right	4	Tudi minister Počivalšek je doživel histerijo globoke države , ker je ostal pokončen in ni klonil primitivnemu ukazu z Janšo pa ne !	tudi minister pocivalsek biti doziveti histerija globok drzava , ker biti ostati pokoncen in biti klonilo primitivnim ukaz z janso pa ne !
6210394550	Nova24TV	neutral	2020	right	4	To pa je dober znak , da se bližamo širšemu zavedanju laži in resnice , zavedanju o vse bolj surovem , slepem in paničnem delovanju globoke države .	ta pa biti dober znak , da se blizama sirs zavedanje laz in resnica , zavedanje o ves bolj surov , slep in panicni delovanje globok drzava .
181104118	Delo	negative	2014	left	0	Ob spominu na ljudi Bauerjevega kova pa so še posebej vznemirjujoča poročila o izkoriščanju globokih ideoloških dilem dvajsetega stoletja za današnje politične in nacionalne spore .	ob spomin na clovek bauerjevo kova pa biti se posebej vznemirjujoc porocilo o izkoriscanje globok ideoloski dilm dvajset stoletje za danasnji politicen in nacionalen spora .
178295594	Delo	neutral	2014	left	0	Razmerje med ESČP Ob vprašanju razmerja med evropskim sodiščem za človekove pravice ( ESČP ) in sodišči držav pogodbenic evropske konvencije o človekovih pravicah ( EKČP ) se vselej odgovarja , da gre za poseben odnos sodelovanja pri varstvu človekovih pravic , v globokem bistvu partnerski odnos med sodišči .	razmerje med escp ob vprasanje razmerje med evropski sodisce za clovekov pravica ( escp ) in sodisce drzava pogodbenica evropski konvencija o clovekov pravica ( ekcp ) se vselej odgovarjati , da iti za poseben odnos sodelovanje pri varstvo clovekov pravica , v globok bistvo partnerska odnos med sodisce .
236037082	Dnevnik	neutral	2014	left	0	Če se prizna globoke razlike , predvsem glede nacionalne suverenosti , demokracije , človekovih pravic in zunanje politike , potem smo pripravljeni na dialog glede vseh teh tem .	ce se prizna globok razlika , predvsem glede nacionalen suverenost , demokracija , clovekov pravica in zunanji politika , potem biti pripravljen na dialog glede ves ta ta .
219873135	Delo	negative	2014	left	0	Z iskrenim in globokim spoštovanjem do jezikoslovcev moram reči , da verjetno nihče med nami ni pričakoval , da bo težišče razprav in ideoloških bojev zadnjih dni postalo nekaj samo po sebi tako suhega , kot je - slovar .	z iskren in globok spostovanje do jezikoslovec morati reci , da verjetno nihce med jaz biti pricakovati , da biti tezisce razprava in ideoloski boj zadnji dan postati nekaj samo po se tako suh , kot biti - slovar .
167249411	Dnevnik	neutral	2014	left	0	Maestrinijeve režije sicer nimajo pečata avtorske izčiščenosti : nagibajo se k mešanju , celo kopičenju odrskih sredstev in pripomočkov , po navadi tudi ne iščejo globokih oziroma novih sporočil .	maestrinijev rezija sicer imeti pecat avtorski izciscenost : nagibaja se k mesanje , celo kopicenje odrski sredstvo in pripomocek , po navada tudi ne iskati globok oziroma nov sporociti .
322954926	Delo	neutral	2015	left	0	Po poteh nemške Cerkve Odločitev za reinterpretacijo , ki je na praktični ravni že začela potekati v Nemčiji , ima globoka ozadja .	po pot nemski cerkev odlocitev za reinterpretacija , ki biti na prakticen raven ze zaceti potekat v nemcija , imeti globok ozadje .
251637696	Delo	neutral	2015	left	0	Spolna enakopravnost : Pohod sodobnosti na globoki Jug .	spolna enakopravnost : pohod sodobnost na globok jug .
330977277	Delo	neutral	2015	left	0	Tudi boj za pravico do istospolnih porok je trajal leta in leta , preden so ZDA premagale globoke predsodke .	tudi boj za pravica do istospolen porok biti trajalo leto in leto , preden biti zda premagala globok predsodek .
240539103	Delo	neutral	2015	left	0	Križi , poljubljanje in globoki dekolteji so postali že njen obvezni repertoar , ki se mu ni odrekla vse do danes .	kriz , poljubljanje in globok dekolte biti postati ze njen obvezen repertoar , ki se on biti odrekel ves do danes .
284059818	Delo	neutral	2015	left	0	Siriza je dobila mandat za globoke in radikalne spremembe :	siriza biti dobiti mandat za globok in radikalna sprememba :
313445149	Delo	neutral	2015	left	0	Zasedba , ki se iz cvetobera republikanske stranke v limonado spektakla plitke politike in globoke človeške gnojnice spremeni vsakokrat , ko mednje prilomastil ljubljenec volilne baze konservativcev in največji frenemy njihovega strankarskega aparata .	zasedba , ki se iz cvetober republikanski stranka v limonada spektakla plitka politika in globok cloveski gnojnica spremeniti vsakokrat , ko medenj prilomastilo ljubljenec volilen baza konservativec in velik frenemy njihov strankarski aparat .
255139775	Delo	neutral	2015	left	0	Spremembe v družinskih oblikah spremljajo globoke vsebinske spremembe na področju starševstva in družinskih razmerij .	sprememba v druzinski oblika spremljati globok vsebinski sprememba na podrocje starsevstvo in druzinski razmerje .
317804393	vecer.com	neutral	2015	left	0	Imamo veliko zabave , a vse več globoke praznine v srcu .	imeti veliko zabava , a ves vec globok praznina v srce .
275911878	vecer.com	neutral	2015	left	0	Sedanji generaciji voditeljev stranke se vidi predvsem , da razen Levaniča nimajo globokih korenin v SD .	sedanja generacija voditelj stranka se videti predvsem , da razen levanica imeti globok korenina v sd .
369495075	Delo	neutral	2016	left	0	Tako posebnega in tako posebno globokega .	tako poseben in tako posebno globok .
361526058	Delo	neutral	2016	left	0	Po znanem scenariju so se mediji , z redkimi izjemami , ( znova ) na videz pretreseni spraševali o tem , kaj človeka privede do takšnega dejanja in takoj nato do takojšnjega globokega obžalovanja .	po znan scenarij biti se medij , z redek izjema , ( znova ) na videz pretresen sprasevati o ta , kaj clovek privesti do taksen dejanje in takoj nato do takojsnje globok obzalovanje .
452413132	Delo	neutral	2016	left	0	Vendar ne mislim razglabljati o takratnih dogodkih , temveč o prihodnosti , za katero upam , da jo bo namesto globokih delitev med ljudmi , ki so temeljni vzrok za sleherno vojno in sleherni konflikt , zaznamovala neka čisto druga in mnogo boljša delitev - medsebojna delitev dobrin .	vendar ne misliti razglabljat o takratno dogodek , temvec o prihodnost , za kateri upati , da on biti namesto globok delitev med clovek , ki biti temeljen vzrok za sleheren vojna in sleheren konflikt , zaznamoval nek cisto drug in mnogo dober delitev - medsebojen delitev dobrina .
574497253	Delo	neutral	2016	left	0	Fenomen Trumpa ima globoke korenine , sega najmanj dvajset , trideset let nazaj , piše nizozemsko - ameriška sociologinja , ena najboljših opazovalk učinkov globalizacije , njene študije veljajo za temeljne .	fenomen trumpa imeti globok korenina , seg najmanj dvajset , trideset leto nazaj , pisati nizozemski - ameriski sociologinja , en dober opazovalka ucinek globalizacija , njen studija veljati za temeljen .
574497253	Delo	neutral	2016	left	0	Oba kandidata sta bila en slabši od drugega , toda v Združenih državah , in ne samo tam , se dogajajo globoke spremembe , glas so povzdignili revni bogati . . .	oba kandidat biti biti en slabsa od drug , toda v zdruzen drzava , in ne samo tam , se dogajaj globok sprememba , glas biti povzdignilo reven bogat . . .
549444866	vecer.com	neutral	2016	left	0	Donald Trump in bodoči podpredsednik ZDA Mike Pence sta bila deloma izvoljena tudi zaradi globokega rasnega antagonizma , ki ga je razplamtela zmaga Baracka Obame .	donald trump in bodoc podpredsednik zda mike penca biti biti deloma izvoljen tudi zaradi globok rasen antagonizem , ki on biti razplamtel zmaga baracka obama .
386920640	Delo	neutral	2016	left	0	Nekdanjemu novinarju in blogerju so se oči zasvetile na način , ki se je vsaj meni zdel globoka prizadetost , da mora sploh odgovarjati na takšna vprašanja - a hkrati hoče odgovarjati nanje , saj je zaščite potreben tudi sam .	nekdanji novinar in blogerje biti se oci zasvetila na nacin , ki se biti vsaj jaz zdeti globok prizadetost , da morati sploh odgovarjat na taksen vprasanje - a hkrati hoteti odgovarjat name , saj biti zascita potreben tudi sam .
356891214	Delo	neutral	2016	left	0	Sklepanje o globokem političnem razcepu je zato lahko vprašljivo , če sta skoraj dve tretjini volivcev do tega vprašanja politično nevtralni .	sklepanje o globok politicen razcep biti zato lahko vprasljiv , ce biti skoraj dva tretjina volivec do ta vprasanje politicen nevtralna .
712167318	Delo	neutral	2017	left	0	Vrhunec počitniške sezone se sicer počasi končuje , a državni zbor bo še debela dva tedna , do začetka septembra , v globoki komi .	vrhunec pocitniski sezona se sicer pocasi koncevati , a drzaven zbor biti se debela dva teden , do zacetek september , v globok koma .
668617461	vecer.com	negative	2017	left	0	Boleča preteklost in izgoni iz več držav so ji pustili globoke rane .	boleca preteklost in izgona iz vec drzava biti on pustiti globok rana .
600549707	Delo	positive	2017	left	0	Hiter ritem življenja močno vpliva na naše izražanje ljubezni v smislu , da nimamo veliko časa za ljubezenski odnos , po drugi strani pa nam ravno današnji čas dovoli izkazovanje globokih čustev , iskrene komunikacije , čas za nežnosti , ljubkovanje in seks , v katerem je pomembna obojestranska zadovoljitev .	hiter ritem zivljenje mocno vplivati na nas izrazanje ljubezen v smisel , da imeti veliko cas za ljubezenski odnos , po drug stran pa jaz ravno danasnji cas dovola izkazovanje globok custvo , iskrena komunikacija , cas za neznost , ljubkovanje in seks , v kateri biti pomemben obojestranska zadovoljitev .
596877701	Delo	positive	2017	left	0	Nox portensis gravida ( Galerija Equrna , 2013 ) so majhne , odlične umetnine , za katere je najprej nastala podoba kot razodetje ali razsvetljenje globokih , eksistencialnih vsebin , nato pa je avtorica zanje poiskala ustrezne pesniške verze .	nox portensis gravid ( galerija equrna , 2013 ) biti majhen , odlicna umetnina , za kateri biti najprej nastati podoba kot razodetje ali razsvetljenje globok , eksistencialni vsebina , nato pa biti avtorica zame poiskati ustrezen pesniska verz .
700770576	Delo	neutral	2017	left	0	Za veliko leseno mizo so v globoki senci sedeli lokalni aktivisti , zdaj zaposleni humanitarni delavci ( Solidarity Now ) projekta , nad katerim so se navdušili tudi v Visokem komisariatu za begunce pri Združenih narodih ( UNHCR ) in ga začeli financirati .	za veliko lesen miza biti v globok senca sedeti lokalen aktivisti , zdaj zaposlen humanitaren delavec ( solidarity now ) projekt , nad kateri biti se navdusilo tudi v visokem komisariat za begunec pri zdruzen narod ( unhcr ) in on zaceti financirati .
612416858	vecer.com	negative	2017	left	0	Bil bi torej predsednik , ki bi moral s katero od dveh velikih strank skleniti široke in globoke kompromise .	biti biti torej predsednik , ki biti morati z kateri od dva velik stranka sklenita sirok in globok kompromis .
934594596	vecer.com	neutral	2018	left	0	Salome razkriva : Sem v globoki menopavzi .	salom razkrivati : sem v globok menopavza .
934594596	vecer.com	neutral	2018	left	0	Zdravnik iz Beograda mi je povedal , da sem v globoki menopavzi .	zdravnik iz beograda jaz biti povedati , da biti v globok menopavza .
820394782	vecer.com	neutral	2018	left	0	Toda odkar ga spremljam , se mi je njegova vživetost zdela tako globoka , da je že nekoliko strašljiva .	toda odkar on spremljati , se jaz biti njegov vzivetost zdeti tako globok , da biti ze nekoliko strasljiva .
862556148	Delo	neutral	2018	left	0	Zdravniško delo je povezano z globokim spoštovanjem človekovega življenja od začetka do konca .	zdravniska delo biti povezan z globok spostovanje clovek zivljenje od zacetek do konec .
876517851	vecer.com	neutral	2018	left	0	Recimo v Čilu , spotegnjeni južnoameriški državi z 18 milijoni prebivalcev in globokim prepadom med bogatimi in revnimi .	recimo v cilo , spotegnjen juznoameriski drzava z 18 milijon prebivalec in globok prepad med bogat in reven .
863534517	Delo	neutral	2018	left	0	Naučila pa sem se tudi globoke ponižnosti ob spoznanju , da so stvari , ki se zdijo samoumevne - da lahko hodiš , govoriš , uporabljaš prste itd. - , spoštovanja vredni darovi .	naucilo pa biti se tudi globok poniznost ob spoznanje , da biti stvar , ki se zdeti samoumevna - da lahko hodis , govoris , uporabljas prst itd . - , spostovanje vredna dar .
941869367	vecer.com	neutral	2018	left	0	Dve ženski iz globokih in od Moskve enako oddaljenih Rusij .	dva zenska iz globok in od moskva enako oddaljen rusija .
859440188	Delo	neutral	2018	left	0	Hezbolah , država v državi Libanonu , ki v razžarjenem sektaškem ozračju in sredi globoke gospodarske krize že vrsto let gosti več kot milijon sirskih beguncev , se je čudežno uspelo izogniti novemu krogu vojne .	hezbola , drzava v drzava libanon , ki v razzarjen sektasko ozracje in sredi globok gospodarski kriza ze vrsta leto gost vec kot milijon sirski begunec , se biti cudezno uspeti izogniti nov krog vojna .
824892742	Delo	neutral	2018	left	0	Letošnji ( in lanski ) voditelj Jimmy Kimmel je večerno zabavo v svojem istoimenskem televizijskem šovu nadgradil s čustvenimi monologi , v katerih se satira objema z resnostjo , zbadljivke včasih umaknejo solzam , Američanom pa ponuja ne ravno lahkotne poglede na težave zdravstvenega sistema , strelskega nasilja in drugih globokih ran ameriške družbe .	letosnja ( in lanski ) voditelj jimmy kimmel biti vecerno zabava v svoj istoimenski televizijski sov nadgradilo z custven monolog , v kateri se satira objemati z resnost , zbadljivka vcasih umakniti solza , american pa ponujati ne ravno lahkotna pogled na tezava zdravstven sistem , strelski nasilje in drug globok ran ameriski druzba .
1315875136	vecer.com	negative	2019	left	0	Med otroki in starši , vsaj po pravilu , vlada globoka in iskrena ljubezen , a ko družinski član zaide na kriva pota , se prava ljubezen izkazuje z odgovornostjo , pomočjo in , če je treba , tudi strogostjo .	med otrok in stars , vsaj po pravilo , vlada globok in iskren ljubezen , a ko druzinski clan zaiti na krivo pot , se pravi ljubezen izkazovati z odgovornost , pomoc in , ce biti treba , tudi strogost .
1094009198	vecer.com	neutral	2019	left	0	Film prepričljivo in nazorno pokaže , kako globoka je zanka ujetosti v situacijo , v kateri sta se znašla Robson in Safechuck , ki se tudi globoko v odrasli dobi nista mogla sprijazniti z dejstvom , da bi bila žrtvi , temveč sta pevčevo naklonjenost dojemala kot iskreno ljubezen , ki je pač vključevala tudi spolnost .	film prepricljivo in nazorna pokazati , kako globok biti zank ujetost v situacija , v kateri biti se znajti robson in safechuck , ki se tudi globoko v odrasel dobiti biti moci sprijazniti z dejstvo , da biti biti zrtev , temvec biti pevceva naklonjenost dojemal kot iskreno ljubezen , ki biti pac vkljucevati tudi spolnost .
1153045280	Delo	neutral	2019	left	0	V globokih gozdovih na Finskem pa leži oaza miru in blaginje .	v globok gozd na finsko pa lezati oaza mir in blaginja .
1382520175	Delo	neutral	2019	left	0	Richard in Mildred se poročita iz globoke ljubezni .	richard in mildred se porocita iz globok ljubezen .
1049376818	Delo	neutral	2019	left	0	Ne preveč kompleksnim niti globokim , ampak to bi bila verjetno prevelika pričakovanja od režiserja , čigar največji dosežek do zdaj je film Butec in butec .	ne prevec kompleksen niti globok , ampak ta biti biti verjetno prevelika pricakovanje od reziser , cigar velik dosezek do zdaj biti film butec in butec .
1273668730	vecer.com	positive	2019	left	0	Zaključna predstava v nedeljo , sicer tudi del gledališkega abonmaja MOMA , je bila Deep Dish Globoka skleda .	zakljucna predstava v nedelja , sicer tudi del gledaliski abonmaj moma , biti biti deep dish globok skleda .
6140705355	Delo	neutral	2020	left	0	Oba sta doktorja znanosti , oba sta konkurenčnima strankama služila v vladi ter nacionalnem in evropskem parlamentu , tesni izid glasovanja , ki so ga napovedale javnomnenjske raziskave , pa priča o globoki razcepljenosti poljske družbe .	oba biti doktor znanost , oba biti konkurencnima stranka sluzilo v vlada ter nacionalen in evropski parlament , tesn izid glasovanje , ki biti on napovedala javnomnenjska raziskava , pa prica o globok razcepljenost poljski druzba .
6227010790	Delo	neutral	2020	left	0	Kralj je te dni v tujini , v Bangkoku pa je vse bolj prisotno ozračje globoke politične krize , in to zato , ker so ustavne spremembe in Prajutov odstop soglasno zahtevali vsi : tako pripadniki gibanja rdečih srajc kot feministi in študenti , seveda pa tudi številni člani skupnosti LGBTQ + .	kralj biti ta dan v tujina , v bangkok pa biti ves bolj prisotno ozracje globok politicen kriza , in ta zato , ker biti ustavna sprememba in prajut odstop soglasno zahtevati ves : tako pripadnik gibanje rdec srajca kot feminist in student , seveda pa tudi stevilen clan skupnost lgbt + .
1465094914	Delo	negative	2020	left	0	Profesor Robert Shapiro z univerze Columbia verjame , da bi globoki ideološki razkoli obstajali tudi brez Donalda Trumpa , saj so posledica desetletij razdvajanja .	profesor robert shapiro z univerza columbia verjeti , da biti globok ideoloska razkol obstajalo tudi brez donalda trumpa , saj biti posledica desetletje razdvajanje .
1465094914	Delo	negative	2020	left	0	Globoki ideološki razkoli med ameriškimi demokrati in republikanci bi obstajali , tudi če bi v tekmi za Belo hišo zmagala demokratka Hillary Clinton ali namesto Donalda Trumpa kakšen drug republikanski kandidat , je ocenil profesor z univerze Columbia .	globok ideoloska razkol med ameriski demokrat in republikanec biti obstajalo , tudi ce biti v tekma za belo hisa zmagati demokratka hillary clinton ali namesto donalda trumpa kaksen drug republikanski kandidat , biti ocenilo profesor z univerza columbia .
6121860346	Delo	positive	2020	left	0	Sem zgolj novinarka , ki je imela priložnost , da je dr. Franca Planinška v nekaj poglobljenih pogovorih spoznala tudi kot neobičajnega , zelo globokega človeka z občutkom za umetnost in lepoto .	sem zgolj novinarka , ki biti imeti priloznost , da biti dr . franc planinska v nekaj poglobljen pogovor spoznati tudi kot neobicajen , zelo globok clovek z obcutek za umetnost in lepota .
459330246	Nova24TV	negative	2016	right	0	To je ljubezen , to je spoštovanje , sočutje , to so globoka čustva , ne prodajajmo in ne razprodajajmo se , sicer se slovenskemu narodu slabo piše .	ta biti ljubezen , ta biti spostovanje , socutje , ta biti globok custvo , ne prodajaj in ne razprodajaj se , sicer se slovenski narod slab pisati .
697650436	Nova24TV	neutral	2017	right	0	Deček , ki postaja istospolno usmerjen , zapusti otroštvo z globokim strahom in sovraštvom do očeta .	decek , ki postajati istospolno usmerjen , zapustiti otrostvo z globok strah in sovrastvo do oce .
577429823	Nova24TV	negative	2017	right	0	Žrtvi so bile zadane globoke rane na hrbtu in vratu , dokler ni izkrvavela Bethany je bila umorjena v zgodnjih jutranjih urah , po besedah Linehana ne obstajajo dokazi , ki bi razkrili , kaj je vsak izmed osumljencev storil , je pa jasno , da umor ni bil izveden na hitro .	zrtev biti biti zadana globok rana na hrbet in vrat , dokler biti izkrvavel bethany biti biti umorjen v zgodnji jutranje ura , po beseda linehan ne obstajati dokaz , ki biti razkrilo , kaj biti vsak izmed osumljenec storiti , biti pa jasen , da umor biti biti izveden na hitro .
577429823	Nova24TV	negative	2017	right	0	Porota se je seznanila z dejstvom , da so bile žrtvi zvezane roke s pomočjo lepilnega traku , prav tako pa so ji bile zadane globoke rane na njenem hrbtu in vratu , vse dokler ni izkrvavela na tleh kopalnice .	porota se biti seznanilo z dejstvo , da biti biti zrtev zvezan roka z pomoc lepilno trak , prav tako pa biti on biti zadana globok rana na njen hrbet in vrat , ves dokler biti izkrvavel na tla kopalnica .
696398941	Nova24TV	neutral	2017	right	0	Zakonsko zvezo pogosto pravilno obravnavamo kot institucijo , ki ima globoke korenine v verski oziroma religiozni tradiciji .	zakonska zveza pogosto pravilno obravnava kot institucija , ki imeti globok korenina v verski oziroma religiozen tradicija .
796377997	Nova24TV	neutral	2018	right	0	Z nedemokratičnim prihodom Cerarja na oblast se je pospešilo izseljevanje mladih , dotok nezakonitih migrantov , s postavitvijo homoseksualnega aktivista Mihe Lobnika na čelo ideološke policije pa se je pričel tudi uspešen pohod homoseksualnega lobija v vlado , na sodišča in medije , s čimer se pogoji za globoke družbene konflikte pospešeno vzpostavljajo tudi v Sloveniji .	z nedemokraticni prihod cerar na oblast se biti pospesilo izseljevanje mlad , dotok nezakonit migrant , z postavitev homoseksualneg aktivist mihe lobnik na celo ideoloski policija pa se biti pricel tudi uspesen pohod homoseksualneg lobij v vlada , na sodisce in medij , z kar se pogoj za globok druzben konflikt pospeseno vzpostavljati tudi v slovenija .
968279470	Nova24TV	neutral	2018	right	0	Kako globoke morajo biti prijateljske vezi , da Galunič v intervjuju ni izpostavil Kobala , ki je grozil Možini , pa presodite sami !	kako globok morati biti prijateljska vez , da galunic v intervjujje biti izpostavilo kobala , ki biti groziti mozina , pa presodit sam !
1008717390	Nova24TV	neutral	2018	right	0	V enem izmed intervjujev pred izvolitvijo za novega predsednika Brazilije je levičarska novinarka Jaira Bolsonara pobarala o tem , če se mu ne zdi , da je premalo politično korekten , a je slednji v svojem slogu povedal , da je na brazilskem političnem prostoru potrebna sprememba tona , saj levičarska agenda ni pustila samo globokih ran na nazadujoči brazilski ekonomiji , temveč vse bolj tudi na področju moralnih in etičnih vprašanj .	v en izmed intervjuj pred izvolitev za nov predsednik brazilija biti levicarski novinarka jaira bolsonara pobaral o ta , ce se on ne zdeti , da biti premalo politicen korekten , a biti slednji v svoj slog povedati , da biti na brazilski politicen prostor potreben sprememba tona , saj levicarski agenda biti pustiti samo globok ran na nazadujoc brazilski ekonomija , temvec ves bolj tudi na podrocje moralna in eticen vprasanje .
6320063318	Nova24TV	neutral	2020	right	0	Rasizem je lahko v svojem globokem bistvu samo obramba za obstoj lastne identitete in kulture ter načina življenja .	rasizem biti lahko v svoj globok bistvo samo obramba za obstoj lasten identiteta in kultura ter nacin zivljenje .
221927249	Delo	neutral	2014	left	1	Preden bodo - denimo - do konca izoblikovali že napol izrečeno misel , da je sedanjega papeža Bergoglia na pot drugačne razmišljanja , pravijo mu že kar reformnega , pripeljala globoka kriza , ki jo je spet in spet doživljala njegova argentinska domovina .	preden biti - deti - do konec izoblikovati ze napol izrecen misel , da biti sedanji papez bergoglia na pot drugacen razmisljanje , praviti on ze kar reformen , pripeljati globok kriza , ki on biti spet in spet dozivljala njegov argentinska domovina .
218440391	Dnevnik	neutral	2014	left	1	Obama Pepeju ni enostavno ponudil samo finančne pomoči , temveč se je obvezal , da se bo izvoz iz Urugvaja v ZDA dvignil na dve milijardi dolarjev na leto ( v največji meri gre za meso in citruse ) , kar bi za mali Urugvaj pomenilo še globlje dihanje v ekonomiji in nov zajem sape pri demokraciji .	obama pepej biti enostavno ponuditi samo financen pomoc , temvec se biti obvezal , da se biti izvoz iz urugvaja v zda dvigniti na dva milijarda dolar na leto ( v velik mera iti za meso in citrus ) , kar biti za mali urugvaj pomeniti se globok dihanje v ekonomija in nov zajema sape pri demokracija .
280477252	Delo	neutral	2015	left	1	Migracija je vedno ogledovanje v ogledalu , skoznjo je mogoče globlje razumeti lastno zgodbo , sebe , pa tudi zakonitosti zaporedja , kdo je bil prvi in kdo je prišel pozneje .	migracija biti vedno ogledovanje v ogledalo , skoznja biti mogoc globok razumeti lasten zgodba , se , pa tudi zakonitost zaporedje , kdo biti biti prvi in kdo biti priti pozno .
327558106	Delo	negative	2015	left	1	Povejte mi prosim zgodbo , vezano na katero koli vašo prednico , ki vam je segla najgloblje v srce .	povejt jaz prositi zgodba , vezan na kateri koli vas prednica , ki ti biti segla globok v srce .
327558106	Delo	negative	2015	left	1	Povejte mi prosim zgodbo , vezano na vašo katero koli prednico , ki vam je segla najgloblje v srce .	povejt jaz prositi zgodba , vezan na vas kateri koli prednica , ki ti biti segla globok v srce .
544374182	vecer.com	neutral	2016	left	1	Nekateri snobovski demokrati bodo tiste , ki so glasovali za Trumpa , označili za nevedne , neizobražene in ksenofobne , toda upati moramo , da bodo vsaj nekateri pogledali globlje .	nekateri snobovski demokrat biti tisti , ki biti glasovati za trumpa , oznaciti za nevedna , neizobrazen in ksenofobna , toda upat morati , da biti vsaj nekateri pogledati globok .
477983820	Delo	positive	2016	left	1	Kitajske alpske sanje Čeprav gradu zaradi posnemanja različnih zgodovinskih stilov in neslutenega preobilja notranje opreme strokovnjaki ne pripisujejo kakšne visoke umetniške vrednosti , je v njem nekaj , kar trka na najgloblje duševne arhetipe slehernika .	kitajska alpski sanja ceprav grad zaradi posnemanje razlicen zgodovinski stil in nesluten preobilja notranji oprema strokovnjak ne pripisovati kaksen visok umetniski vrednost , biti v on nekaj , kar trkati na globok duseven arhetip slehernik .
470600444	Delo	neutral	2016	left	1	Njegova dela sežejo globlje od vidnega ; pronicajo v homoseksualno podzemlje , kažejo smrt in žalovanje .	njegov delo sezeja globok od viden ; pronicaja v homoseksualno podzemlje , kazati smrt in zalovanje .
574497253	Delo	neutral	2016	left	1	Pa vendar je brexit za Evropo katalizator , uteleša čedalje globlje razlike v Uniji .	pa vendar biti brexit za evropa katalizator , uteles cedalje globok razlika v unija .
574497253	Delo	neutral	2016	left	1	Podobno kot je levica po padcu komunizma izgubila vse , danes liberalni intelektualci ne znajo razbrati globlje logike časa .	podobno kot biti levica po padec komunizem izgubiti ves , danes liberalna intelektualec ne znati razbrati globok logika cas .
676497473	vecer.com	positive	2017	left	1	Potem pa doma , s pomočjo literature in interneta , raziščeš še globlje .	potem pa doma , z pomoc literatura in internet , razisces se globok .
736485065	vecer.com	positive	2017	left	1	Oziroma globlje .	oziroma globok .
665258351	Delo	neutral	2017	left	1	Poleg tega predstavljajo tudi površino , ki jo festival želi odkriti in pogledati globlje - tako v skupnosti LGBTIQ + kot v naši družbi nasploh .	poleg ta predstavljati tudi povrsina , ki on festival zeleti odkriti in pogledati globok - tako v skupnost lgbti + kot v nas druzba nasploh .
596877701	Delo	positive	2017	left	1	V njegovih slovenitvah so zaživele največje in najgloblje Molièrove komedijske igre : Ljudomrznik , Tartuffe , Don Juan , Skopuh , George Dandin , Šola za žene .	v njegov slovenitev biti zazivel velik in globok molizrov komedijska igra : ljudomrznik , tartuffe , don juan , skopuh , george dandin , sola za zena .
607513942	Delo	positive	2017	left	1	Ta topel film je všeč tudi mnogim , ki ne marajo muzikalov , a je vse bolj deležen tudi kritik , da nima globlje vsebine .	ta topel film biti vsec tudi mnog , ki ne marati muzikal , a biti ves bolj delezen tudi kritik , da imeti globok vsebina .
578218678	vecer.com	negative	2017	left	1	Tisti , ki vnaprej in globlje razmišljajo , bodo na tej točki ostali zmedeni in se bodo čutili obvezane , da fenomenu posvetijo svojo sistematično objektivizirano pozornost .	tisti , ki vnaprej in globok razmisljati , biti na ta tocka ostati zmeden in se biti cutilo obvezan , da fenomen posvetje svoj sistematicno objektiviziran pozornost .
825573576	vecer.com	neutral	2018	left	1	Preveč medla je bila strankina predstava , da bi pustila globlje sledove in da se ne bi prebujal veter sprememb .	prevec medla biti biti strankina predstava , da biti pustiti globok sled in da se ne biti prebujal veter sprememba .
869916377	vecer.com	neutral	2018	left	1	Ozadje je globlje , gre za nadzor nad ženskim telesom in zatiranje žensk , je Ailbhe Smyth dejala za Guardian .	ozadje biti globok , iti za nadzor nad zenski telo in zatiranje zenska , biti ailbha smyth dejati za guardian .
863523018	vecer.com	positive	2018	left	1	Zahvaljujem se Barbari in ekipi , da je naši družini nudila podporo v smislu zaposlitve , hkrati pa sem dobila priložnost delati stvari , ki so globlje od kakšnih študijev v petih letih , kar človeka obogati .	zahvaljuj se barbara in ekipa , da biti nas druzina nudilo podpora v smisel zaposlitev , hkrati pa biti dobiti priloznost delati stvar , ki biti globok od kaksen studij v pet leto , kar clovek obogat .
823385606	vecer.com	neutral	2018	left	1	Smo Slovenci dovolj odprti za takšne oddaje ali si želite , da bi bili še bolj in bi lahko šli še globlje ?	biti slovenec dovolj odprt za taksen oddaja ali se zeleti , da biti biti se bolj in biti lahko iti se globok ?
823385606	vecer.com	neutral	2018	left	1	Miša : Če bi bila ta oddaja v poznih večernih urah , bi se pogovarjala drugače in bi lahko šli globlje .	misa : ce biti biti ta oddaja v pozen veceren ura , biti se pogovarjati drugace in biti lahko iti globok .
957362479	vecer.com	neutral	2018	left	1	Za vedno sem predan negovanju tvoje najgloblje resnice .	za vedno biti predan negovanje tvoj globok resnica .
804049071	Delo	neutral	2018	left	1	Evangelij za pitbule avtor odsvetuje bralcem , ne glede na starost , ki se pri branju knjig zadovoljijo zgolj z iskanjem pikantnih podrobnosti , namesto da bi poskusili razumeti njihovo globlje sporočilo .	evangelij za pitbula avtor odsvetoj bralec , ne glede na starost , ki se pri branje knjiga zadovoljija zgolj z iskanje pikantan podrobnost , namesto da biti poskusiti razumeti njihov globok sporocilo .
805894768	Delo	neutral	2018	left	1	Janez Pipan , ki je velik poznavalec svetovne literature pa tudi slovenskih klasikov , se je s to predstavo še bolj poglobil v Cankarja in nam ga vsem še globlje približal .	janez pipan , ki biti velik poznavalec svetoven literatura pa tudi slovenski klasik , se biti z ta predstava se bolj poglobilo v cankar in jaz on ves se globok priblizal .
805894768	Delo	neutral	2018	left	1	Ni po drugi strani za igralca nevaren tudi uspeh , ko te nenehno zasedajo v velikih vlogah , večer za večerom , intenzivno na odru tri , štiri ure , razdajaš svoje najgloblje emocije , da bi oživil lik , ki ga je nekdo nekoč napisal . . .	biti po drug stran za igralec nevaren tudi uspeh , ko ta nenehno zasedaja v velik vloga , vecer za vecer , intenzivna na oder trije , stirje ura , razdajas svoj globok emocija , da biti ozivilo lik , ki on biti nekdo nekoc napisati . . .
1210500390	vecer.com	neutral	2019	left	1	Če gremo še nekoliko širše in globlje , na lestvici presenetljivo visoko najdemo Turke ( 12 ) , Lahe ( 40 ) ter Čehe , Ruse in Nemce , ki se gibljejo okoli stoterice .	ce iti se nekoliko sirsa in globok , na lestvica presenetljiv visok najti turka ( 12 ) , laha ( 40 ) ter ceh , rusa in nemce , ki se gibati okoli stoterica .
1050846711	Delo	positive	2019	left	1	Starše podpiram še posebno pri tem , da postavijo svoj notranji svet , saj bo to najgloblje delovalo na razvoj in vedenje otroka .	stars podpira se posebno pri ta , da postavija svoj notranji svet , saj biti ta globok delovalo na razvoj in vedenje otrok .
1130399801	vecer.com	negative	2019	left	1	Globlje kot se predstava pogreza , bolj prihajajo na dan čustva nacionalistične sovražnosti , strahu in sramu .	globok kot se predstava pogrez , bolj prihajati na dan custvo nacionalisticen sovraznost , strah in sram .
1101511865	Delo	neutral	2019	left	1	V konstelacijo teh štirih monologov v drugem delu poseže še zadnji , ki ga presunljivo odigra Janja Majzelj in seže najgloblje v intimo posameznika fašista : naslovi občutke utišanosti , nemoči in strahu ter pri tem spoznava : in to , dragi moji , je depresija . . . stanje te popolne neučinkovitosti . . .	v konstelacija ta stirje monolog v drug del posez se zadnji , ki on presunljivo odigrati janja majzelj in seci globok v intima posameznik fasist : naslov obcutka utisanost , nemoc in strah ter pri ta spoznavati : in ta , draga moj , biti depresija . . . stanje ta popolna neucinkovitost . . .
1061921956	vecer.com	neutral	2019	left	1	Tujstvo , ki ga povzroča umetno digitalno prijateljevanje na družbenih omrežjih , bi seglo še usodneje dlje , globlje , a očitno čaka na kako novo uprizoritev .	tujstvo , ki on povzrocati umeten digitalen prijateljevanje na druzben omrezje , biti seglo se usoden dolgo , globok , a ocitno cakati na kako nov uprizoritev .
6124322792	Delo	negative	2020	left	1	Bil je republikanec , toda ni ga bilo sram javno priznati , da podpiral Harryja Trumana in Franklina Roosevelta , četudi se kasneje ni strinjal z njegovimi komunističnimi idejami - prav komunisti so bili trn , ki se je najgloblje zaril v Waynovo peto .	biti biti republikanec , toda biti on biti sram javen priznati , da podpiral harry truman in franklina roosevelta , cetudi se kasno biti strinjati z njegov komunisticen ideja - prav komunist biti biti trn , ki se biti globok zarilo v waynova peti .
1457864095	vecer.com	neutral	2020	left	1	Pravijo , da najmočnejša luč pogosto izvira iz najgloblje teme .	praviti , da majmocenes luc pogosto izvirati iz globok tema .
6350579471	Dnevnik	neutral	2020	left	1	Po merilnikih kulturnega rasizma je Slovenija zdaj že krepko v nestrpni polovici evropskih držav in iz leta v leto tone vse globlje .	po merilnik kulturen rasizem biti slovenija zdaj ze krepek v nestrpen polovica evropski drzava in iz leto v leto toniti ves globok .
6268150338	Delo	neutral	2020	left	1	Psihološke rane rasizma , o katerih je veliko pisal francoski psihiater in filozof Frantz Fanon , ki se je sicer bolj osredotočil na posledice kolonializma , so veliko globlje , kot se zdi , in presegajo individualno izkušnjo .	psiholoski rana rasizem , o kateri biti veliko pisati francoski psihiater in filozof frantz fanon , ki se biti sicer bolj osredotocilo na posledica kolonializem , biti veliko globok , kot se zdeti , in presegati individualno izkusnja .
529054886	Nova24TV	neutral	2016	right	1	A ko pogledamo malo globlje , ugotovimo , da je stoodstotni lastnik tega zavoda Društvo informacijski center Legebitra .	a ko pogledati malo globok , ugotoviti , da biti stoodstoten lastnik ta zavod drustvo informacijski center legebitra .
554606823	Nova24TV	neutral	2016	right	1	Še posebno ne zato , ker so bili govorci in govornice spet ( pretežno ) mladi - teme pa globoke , da ne rečem filozofske .	se posebno ne zato , ker biti biti govorec in govornica spet ( pretezno ) mlad - tema pa globok , da ne reci filozofska .
513430433	Nova24TV	neutral	2016	right	1	Napad , ki se namreč dogaja na družino in človeško življenje ima namreč globlje korenine .	napad , ki se namrec dogajati na druzina in cloveski zivljenje imeti namrec globok korenina .
704844682	Nova24TV	neutral	2017	right	1	Medtem ko naracija o odnosu med islamom in LGBT - skupnostjo govori o globokem konfliktu , pa nove raziskave kažejo , da vedno več ameriških muslimanov sprejema homoseksualnost .	medtem ko naracija o odnos med islam in lgbt - skupnost govoriti o globok konflikt , pa nov raziskava kazati , da vedno vec ameriski musliman sprejemati homoseksualnost .
978692479	Nova24TV	neutral	2018	right	1	V omenjeni javni hiši pa je delovala tudi Tanja Fajon , ki je kot novinarka RTVS in poročevalka iz Bruslja delovala skrajno pristransko , da ne omenjamo , da se je spomnimo izključno kot zagovornice takratnega evroposlanca in predsednika SD Boruta Pahorja , zasledili pa smo govorice , da se je njuno sodelovanje v Bruslju spustilo tudi globlje . . .	v omenjen javen hisa pa biti delovati tudi tanja fajon , ki biti kot novinarka rtvs in porocevalka iz bruselj delovati skrajno pristranska , da ne omenjama , da se biti spomniti izkljucno kot zagovornica takratno evroposlanca in predsednik sd borut pahor , zaslediti pa biti govorica , da se biti njun sodelovanje v bruselj spustilo tudi globok . . .
1005886159	Nova24TV	neutral	2018	right	1	Cerar jo je favoriziral že leta 2016 , po tem , ko je takratna SMC- jeva poslanka Jasna Murgel po padlem referendumu o družinskem zakoniku zlovešče napovedala zamenjavo ustavnih sodnikov s takšnimi , ki bodo bolje sedli v mehanizem globoke države .	cerar on biti favoriziral ze leto 2016 , po ta , ko biti takratna smc jeva poslanka jasna murgel po padlem referendum o druzinsko zakonik zlovesce napovedati zamenjava ustaven sodnik z taksen , ki biti dobro sesti v mehanizem globok drzava .
981072538	Nova24TV	neutral	2018	right	1	Brazilci so tako pokazali , da so siti 16 - letne vladavine koruptivne levičarske Delavske stranke , polne razsežnosti sistemske korupcije so se razkrile šele v zadnjih letih v okviru operacije lava jato , kjer se je izkazalo , da so za financiranje kampanj zlorabljali sredstva državnega naftnega podjetja Petrobras , pri pranju denarja pa so sodelovala številna večja zasebna podjetja globoke države , med drugim Odebrecht .	brazilec biti tako pokazati , da biti sita 16 - leten vladavina koruptivna levicarski delavski stranka , poln razseznost sistemski korupcija biti se razkrila sele v zadnji leto v okvir operacija lav jato , kjer se biti izkazati , da biti za financiranje kampanj zlorabljalo sredstvo drzaven naftno podjetje petrobras , pri pranje denar pa biti sodelovati stevilen velik zaseben podjetje globok drzava , med drug odebrecht .
996320327	Tednik Demokracija	neutral	2018	right	1	V normalnih demokratičnih razmerah bi takšna kvalitativna razlika že zdaj pomenila krepko zmago Anžeta Logarja - a to je pač Ljubljana , kjer je mogoče interes globoke države dobro pokriti z demokratično odločitvijo Ljubljančanov za moralno zavržene prakse vladanja .	v normalna demokraticen razmera biti taksen kvalitativna razlika ze zdaj pomeniti krepek zmaga anzet logar - a ta biti pac ljubljana , kjer biti mogoc interes globok drzava dobro pokrit z demokraticno odlocitev ljubljancan za moralno zavrzen praksa vladanje .
995074057	Tednik Demokracija	neutral	2018	right	1	Treba je iti globlje , širiti ideje prek ljudi , ki se ne pustijo zastrašiti .	treba biti iti globok , siriti ideja prek clovek , ki se ne pustija zastrasit .
1153987117	Nova24TV	positive	2019	right	1	Skratka , kot lahko preberemo na spletnih straneh nemškega Zveznega upravnega sodišča , so v EU pravna načela ukoreninjena v pravnih redih držav članic , zaradi česar je tesno sodelovanje z drugimi evropskimi sodišči še kako pomembno - omogoča namreč globlje razumevanje drug drugega , kot tudi razumevanje evropskega prava .	skratka , kot lahko prebrati na spleten stran nemski zvezneg upraven sodisce , biti v eu praven nacelo ukoreninjen v praven redih drzava clanica , zaradi kar biti tesno sodelovanje z drug evropski sodisce se kako pomemben - omogocati namrec globok razumevanje drug drug , kot tudi razumevanje evropski pravi .
215982474	Dnevnik	positive	2014	left	2	Globoka ljubezen med Britanci in Francozi je tradicionalna ; izvira še iz časov , ko je mali francoski junak Asterix pomagal Britancem mlatiti rimske okupatorje , ali britanske TV - nadaljevanke Alo , alo , v kateri so Otočani slavili pogumen boj Francozov proti istospolno usmerjenemu wehrmachtovemu tankistu majorju Gruberju in šepastemu gestapovcu herr Flicku .	globok ljubezen med britanca in francoz biti tradicionalna ; izvirati se iz cas , ko biti mali francoski junak asterix pomagati britanec mlatit rimski okupator , ali britanska tv - nadaljevanka alo , alo , v kateri biti otocan slaviti pogumen boj francoz proti istospolno usmerjen wehrmachtov tankist major gruber in sepastom gestapovc herra flicko .
723161108	Delo	neutral	2017	left	2	V štirinajsto točko je ji je zdelo nujno zapisati pojma globoka država in komunizem .	v stirinajsta tocka biti on biti zdeti nujno zapisati pojem globok drzava in komunizem .
1342745406	Delo	neutral	2019	left	2	Globoka vera ni sama po sebi seveda nič sporna .	globok ver biti sam po se seveda nic sporen .
759705406	Nova24TV	neutral	2017	right	2	Slovenski Hyde Park Corner se je rodil julija 2014 , ko je globoka država , za katero takrat nismo dobro vedeli , da obstaja v tako grozljivem obsegu , zaprla vodjo opozicije , da je izbrancu olajšala pot do zmage na parlamentarnih volitvah .	slovenski hyde park corner se biti roditi julij 2014 , ko biti globok drzava , za kateri takrat biti dobro vedeti , da obstajati v tako grozljiv obseg , zapreti vodja opozicija , da biti izbranec olajsal pot do zmaga na parlamentaren volitev .
759705406	Nova24TV	neutral	2017	right	2	Evropa se je zganila in začela moralno pritiskati na Slovenijo , toda globoka država bi se gladko požvižgala na to , če se ne bi zgodil slovenski Hyde Park Corner , dobrih 140 let za Anglijo .	evropa se biti zganiti in zaceti moralno pritiskati na slovenija , toda globok drzava biti se gladko pozvizgala na ta , ce se ne biti zgoditi slovenski hyde park corner , dober 140 leto za anglija .
759705406	Nova24TV	neutral	2017	right	2	Opozicijski prvak je lahko zasedel svoje poslansko mesto , čeprav mu ga je globoka država hotela odvzeti .	opozicijski prvak biti lahko zasesti svoj poslanski mesto , ceprav on on biti globok drzava hoteti odvzeti .
759705406	Nova24TV	neutral	2017	right	2	Kajti kakor je globoka država napadla prvaka opozicije , danes napada družino z vsiljevanjem teorije spola v otrokovi najnežnejši mladosti .	kajti kakor biti globok drzava napadel prvak opozicija , danes napad druzina z vsiljevanje teorija spol v otrok noceninej mladost .
759705406	Nova24TV	neutral	2017	right	2	In globoka država , z masko legitimne vlade ali mestnega sveta , bo izkazala tako zaničevanje , kot ga je izkazala tvorcu slovenske države dr. Jožetu Pučniku , ko so po njem poimenovali neko pasjo stezo namesto trga pred parlamentom , ali pa arhitektu svetovnega kova , s katerega umetninami se dela kot dela islamska država s starodavno kulturno dediščino .	in globok drzava , z maska legitimne vlada ali mesten svet , biti izkazati tako zanicevanje , kot on biti izkazati tvorec slovenski drzava dr . jozet pucnik , ko biti po on poimenovati nek pasji steza namesto trg pred parlament , ali pa arhitekt svetoven kova , z kateri umetnina se delo kot delo islamska drzava z starodavna kulturen dediscina .
761168918	Nova24TV	neutral	2017	right	2	Prednost socialistov ni samo dejstvo , da jih podpira udbaška globoka država .	prednost socialist biti samo dejstvo , da on podpirati udbaska globok drzava .
824600547	Nova24TV	neutral	2018	right	2	V Sloveniji oblast vse bolj prevzema globoka država , ki tehnično in ideološko obvladuje parlament in druge državne institucije ter predstavlja resen problem sodobne Slovenije .	v slovenija oblast ves bolj prevzem globok drzava , ki tehnicno in ideolosko obvladovati parlament in drug drzaven institucija ter predstavljati resen problem sodoben slovenija .
833155698	Nova24TV	neutral	2018	right	2	Poročajo samo o stvareh , za katere globoka država pove , da je o njih mogoče poročati .	porocaja samo o stvar , za kateri globok drzava povedati , da biti o on mogoc porocati .
833155698	Nova24TV	neutral	2018	right	2	Enkrat so to poskušali , mislim pa , da ljudje ne verjamejo več vsega , kar sproducira globoka država .	enkrat biti ta poskusati , misliti pa , da clovek ne verjeti vec ves , kar sproducira globok drzava .
1006099120	Tednik Demokracija	neutral	2018	right	2	Globoka država dela ali Katja Šugman Stubbs že četrta osebna prijateljica Mira Cerarja na ustavnem sodišču ! .	globok drzava delo ali katja sugman stubbs ze cetrti oseben prijateljica miro cerar na ustaven sodisce ! .
954778984	Nova24TV	neutral	2018	right	2	Največje koristi od njegovega morebitnega uspeha bi imela ravno globoka država .	velik korist od njegov morebiten uspeh biti imeti ravno globok drzava .
814816326	Nova24TV	negative	2018	right	2	Kučanova globoka država že desetletja tradicionalno ter strateško povsem obvladuje , nadzira in usmerja sindikate javnega sektorja .	kucanova globok drzava ze desetletje tradicionalen ter strateska povsem obvladovati , nadzir in usmer sindikat javen sektor .
930094296	Nova24TV	negative	2018	right	2	Bile so vse možnosti , da se oblikuje desnosredinska koalicija , a je vmes posegla globoka država in dobesedno prisilila stranke v antijanševski blok , kar ne preseneča .	bila biti ves moznost , da se oblikovati desnosredinska koalicija , a biti vmes poseci globok drzava in dobesedno prisililo stranka v antijansevski blok , kar ne presenec .
930094296	Nova24TV	negative	2018	right	2	In zdaj Sloveniji grozi groteskna nočna mora , tempirana bomba , ko bo premier Marjan Šarec , v vladi bo imel med seboj hudo zamerljive stranke , vladala pa bo v resnici Levica iz opozicije oziroma globoka država , ki stoji za njo .	in zdaj slovenija groziti groteska nocen morati , tempiran bomba , ko biti premier marjan sarec , v vlada biti imeti med se hud zamerljiva stranka , vladalo pa biti v resnica levica iz opozicija oziroma globok drzava , ki stati za on .
996320327	Tednik Demokracija	neutral	2018	right	2	Globoka država proti Kanglerju Drugi razlog za to , da so lokalne volitve zelo pomemben dogodek , pa je Maribor .	globok drzava proti kangler drug razlog za ta , da biti lokalen volitev zelo pomemben dogodek , pa biti maribor .
996320327	Tednik Demokracija	neutral	2018	right	2	Skoraj zagotovo bo torej v Mariboru na vrhu prišlo do kadrovske spremembe , vendar je boj precej odprt , saj je globoka država vanj poslala razvpitega gostinca Sašo Arsenoviča , za katerega smo nedavno na spletni strani Demokracije objavili dokumentacijo , ki dokazuje njegov ljudožerski izpad pred dvajsetimi leti , ko je natakarju odgriznil prst .	skoraj zagotovo biti torej v maribor na vrh priti do kadrovski sprememba , vendar biti boj precej odprt , saj biti globok drzava vame poslati razvpiteg gostinca sasa arsenovica , za kateri biti nedavno na spleten stran demokracija objaviti dokumentacija , ki dokazovati njegov ljudozerski izpad pred dvajset leto , ko biti natakar odgriznilo prst .
1213338118	Nova24TV	neutral	2019	right	2	Razkrivamo , kako je nastala ameriška globoka država , ki je omogočila tudi Epsteina ! | Nova24TV .	razkrivamo , kako biti nastati ameriski globok drzava , ki biti omogociti tudi epsteina ! | nova2dtvo .
1213338118	Nova24TV	neutral	2019	right	2	Globoka država , kot jo poznamo danes , je začela nastajati v obdobju prohibicije , ko so moči združili ameriška mafija in politiki , tesno pa so v dogajanje vmešane tudi obveščevalne službe .	globok drzava , kot on poznati danes , biti zaceti nastajati v obdobje prohibicija , ko biti moc zdruziti ameriski mafija in politika , tesno pa biti v dogajanje vmesan tudi obvescevalen sluzba .
6041957664	Tednik Demokracija	negative	2020	right	2	Globoka država izgublja nadzor nad indoktrinacijo otrok , zato njeni priveski kričijo , da je spletno izobraževanje neučinkovito .	globok drzava izgubljati nadzor nad indoktrinacija otrok , zato njen priveski kricija , da biti spleten izobrazevanje neucinkovita .
6041957664	Tednik Demokracija	negative	2020	right	2	Globoka država je očitno že zelo nervozna , otrokov dom zanjo predstavlja resno grožnjo , češ otroci se bodo doma privzgojili nestrpnih in dogmatičnih stališč .	globok drzava biti ocitno ze zelo nervozna , otrokov dom zame predstavljati resno groznja , ces otrok se biti doma privzgojilo nestrpen in dogmaticen stalisce .
6167327997	Tednik Demokracija	negative	2020	right	2	Kljub padcu berlinskega zidu , ki naj bi pomenil smrt socializma , in po treh desetletjih samostojnosti ( na deklarativni ravni demokratične in svobodne države ) imamo danes družbo z elitnimi levičarskimi manipulanti in lažnivci , ki jih je globoka država našemila v demokrate in pravičnike , na drugi strani pa od laži pohabljeno večino javnosti , ki apatična ne najde več svojega smisla .	kljub padec berlinski zid , ki naj biti pomenilo smrt socializem , in po trije desetletje samostojnost ( na deklarativna raven demokraticna in svoboden drzava ) imeti danes druzba z eliten levicarski manipulanti in laznivec , ki on biti globok drzava nasemilo v demokrat in pravicnik , na drug stran pa od laz pohabljena vecina javnost , ki apaticna ne najti vec svoj smisel .
558597875	vecer.com	neutral	2016	left	3	To so bile zadnje misli , ki se jih spomnim , preden sem utonila v globok spanec : za to , kolikor toliko opravičljivo neodgovornost se lahko zahvalim svečanosti ob podelitvi naziva ženska leta .	ta biti biti zadnji misel , ki se on spomniti , preden biti utonilo v globok spanec : za ta , kolikor toliko opravicljivo neodgovornost se lahko zahval svecanost ob podelitev naziv zenska leto .
356891214	Delo	neutral	2016	left	3	Zemljevid izidov referenduma na neki način odseva globok prepad v mišljenju podpornikov in nasprotnikov predlaganega zakona .	zemljevid izid referendum na nek nacin odseva globok prepad v misljenje podpornik in nasprotnik predlagan zakon .
611596032	Dnevnik	neutral	2017	left	3	V misli biti ubog je globok duhovni pomen .	v misel biti ubog biti globok duhoven pomen .
782953524	Delo	neutral	2017	left	3	Nujen bo predvsem globok dialog med kristjani in muslimani .	nujen biti predvsem globok dialog med kristjan in musliman .
862980938	vecer.com	neutral	2018	left	3	Kljub evropskemu odkritju kalifornijske obale do sredine 16. stoletja je bil globok zaliv , ki ga danes zaobjema San Francisco , odkrit razmeroma pozno .	kljub evropski odkritje kalifornijska obala do sredina 16 . stoletje biti biti globok zaliv , ki on danes zaobje san francisco , odkrit razmeroma pozno .
1139241951	Delo	neutral	2019	left	3	Ameriški predsednik trgovinske vojne s Kitajsko ni zgolj dvignil na novo raven , na kateri se dve največji gospodarstvi sveta bojujeta za globalno tehnološko prevlado , temveč je v areno potegnil tudi Evropo , ki se mora zdaj odločiti , ali bo tudi sama prepovedala vstop Huaweia v novo internetno infrastrukturo ali pa bo tvegala globok razdor s tradicionalnim zaveznikom .	ameriski predsednik trgovinski vojna z kitajska biti zgolj dvigniti na nov raven , na kateri se dva velik gospodarstvo svet bojujet za globalno tehnoloska prevlada , temvec biti v areno potegniti tudi evropa , ki se morati zdaj odlociti , ali biti tudi sam prepovedal vstop huaweia v nov internetno infrastruktura ali pa biti tvegalo globok razdor z tradicionalnim zaveznik .
1143230156	vecer.com	negative	2019	left	3	Kar je bil seveda globok vbod v rožnati mehurček , sredi katerega sem živel zadnje dni .	kar biti biti seveda globok vbod v roznat mehurcek , sredi kateri biti ziveti zadnji dan .
1157978203	Delo	negative	2019	left	3	Pri ženskah se pojavi poraščenost , globok glas , telo se spremeni , pri moških pa gredo telesne spremembe v nasprotno smer , poraščenosti ni več , povečajo se prsi .	pri zenska se pojaviti porascenost , globok glas , telo se spremeniti , pri moski pa iti telesen sprememba v nasproten smer , porascenost biti vec , povecaj se prsi .
1093245117	Delo	neutral	2019	left	3	Tuje mu ni bilo niti fizično nasilje ; nekateri igralci in sodelavci so povedali , da jih je med snemanji trpinčil , čeprav je v njegovih filmih mogoče zaznati globok prezir proti vsem vrstam nasilja .	tuja on biti biti niti fizicno nasilje ; nekateri igralec in sodelavec biti povedati , da on biti med snemanje trpincilo , ceprav biti v njegov film mogoc zaznat globok prezir proti ves vrsta nasilje .
6268206506	Delo	neutral	2020	left	3	Pesniki telesno čutimo jezik , utelesimo besede , ritem , zvok , čutimo , kako nas speče , v nas buhne beseda , ali samo zlog , ali neko zaporedje glasov , in ta zvočna igra , ki dostikrat nezavedno obstaja znotraj verzov , ima globok pomen , ki spremlja logično linearno pot misli .	pesnik telesno cutima jezik , uteles beseda , ritem , zvok , cutima , kako jaz speca , v jaz buhne beseda , ali samo zlog , ali nek zaporedje glas , in ta zvocen igrati , ki dostikrat nezavedno obstajati znotraj verz , imeti globok pomen , ki spremljati logicen linearno pot misel .
984582433	Tednik Demokracija	neutral	2018	right	3	Navsezadnje je iz pravega testa , ima globok uvid v potrebe Cerkve .	navsezadnje biti iz pravi testa , imeti globok uvid v potreba cerkev .
